{"train_loss": 2.92950177192688, "train_perplexity": 18.718302189421692, "eval_loss": 2.4179248809814453, "eval_perplexity": 11.222547014601844}