{"train_loss": 2.867356777191162, "train_perplexity": 17.590461188435214, "eval_loss": 2.360999345779419, "eval_perplexity": 10.601540765379113}