{"train_loss": 2.384308099746704, "train_perplexity": 10.851551875370332, "eval_loss": 2.118971347808838, "eval_perplexity": 8.322572051038973}