{"train_loss": 2.8673603534698486, "train_perplexity": 17.590524096939138, "eval_loss": 2.3610122203826904, "eval_perplexity": 10.601677256889168}