{"train_loss": 3.0213282108306885, "train_perplexity": 20.51852652254247, "eval_loss": 1.955361247062683, "eval_perplexity": 7.0664713046738}