{"train_loss": 1.945568323135376, "train_perplexity": 6.997607627471203, "eval_loss": 1.627122163772583, "eval_perplexity": 5.089207717707292}